SET @OLD_FOREIGN_KEY_CHECKS=@@FOREIGN_KEY_CHECKS, FOREIGN_KEY_CHECKS=0;

CREATE DATABASE IF NOT EXISTS `@schema@` DEFAULT CHARACTER SET utf8;
USE `@schema@`;

CREATE TABLE IF NOT EXISTS `ADDRESS` (
  `id` bigint(20) NOT NULL AUTO_INCREMENT,
  `city` varchar(50) NOT NULL,
  `country` varchar(50) NOT NULL,
  `address` varchar(500) NOT NULL,
  `latitude` double NOT NULL,
  `longitude` double NOT NULL,
  `company_id` bigint(20) NOT NULL,
  PRIMARY KEY (`id`),
  KEY `FK_ADDRESS_company` (`company_id`),
  CONSTRAINT `FK_ADDRESS_company` FOREIGN KEY (`company_id`) REFERENCES `COMPANY` (`id`) ON DELETE CASCADE
) ENGINE=InnoDB AUTO_INCREMENT=28 DEFAULT CHARSET=utf8;

ALTER TABLE `ADDRESS` DISABLE KEYS;
INSERT INTO `ADDRESS` (`id`, `city`, `country`, `address`, `latitude`, `longitude`, `company_id`) VALUES
	(1, 'Warsaw', 'Poland', '', 52.21667, 21.03333, 0),
	(3, 'Kraków', 'Poland', 'Jana Pawla 2, 1', 50.06667, 19.95, 23),
	(4, 'Wrocław', 'Poland', 'Jana Pawla 2, 1', 51.11667, 17.03333, 24),
	(5, 'Łódź', 'Poland', 'Jana Pawla 2, 1', 51.78333, 19.46667, 25),
	(6, 'Poznań', 'Poland', 'Jana Pawla 2, 1', 52.33333, 17, 26),
	(7, 'Gdańsk', 'Poland', 'Jana Pawla 2, 1', 54.36667, 18.63333, 27),
	(8, 'Szczecin', 'Poland', 'Jana Pawla 2, 1', 53.43333, 14.53333, 28),
	(9, 'Bydgoszcz', 'Poland', 'Jana Pawla 2, 1', 53.11667, 18, 29),
	(10, 'Lublin', 'Poland', 'Jana Pawla 2, 1', 51.23333, 22.56667, 30),
	(11, 'Katowice', 'Poland', 'Jana Pawla 2, 1', 50.25, 19, 31),
	(12, 'Białystok', 'Poland', 'Jana Pawla 2, 1', 53.11667, 23.16667, 32),
	(13, 'Kraków', 'Poland', '', 50.06667, 19.95, 0),
	(14, 'Wrocław', 'Poland', '', 51.11667, 17.03333, 0),
	(15, 'Łódź', 'Poland', '', 51.78333, 19.46667, 0),
	(16, 'Poznań', 'Poland', '', 52.33333, 17, 0),
	(17, 'Gdańsk', 'Poland', '', 54.36667, 18.63333, 0),
	(18, 'Szczecin', 'Poland', '', 53.43333, 14.53333, 0),
	(19, 'Bydgoszcz', 'Poland', '', 53.11667, 18, 0),
	(20, 'Lublin', 'Poland', '', 51.23333, 22.56667, 0),
	(21, 'Katowice', 'Poland', '', 50.25, 19, 0),
	(22, 'Białystok', 'Poland', '', 53.11667, 23.16667, 0);
ALTER TABLE `ADDRESS` ENABLE KEYS;
	
CREATE TABLE IF NOT EXISTS `BLACK_LIST` (
  `id` bigint(20) NOT NULL AUTO_INCREMENT,
  `tender_Id` bigint(20) DEFAULT NULL,
  `lot_Id` bigint(20) DEFAULT NULL,
  PRIMARY KEY (`id`),
  KEY `FK_blacklist_application` (`tender_Id`),
  KEY `FK_blacklist_lot` (`lot_Id`),
  CONSTRAINT `FK_black_list_lot` FOREIGN KEY (`lot_Id`) REFERENCES `LOT` (`id`) ON DELETE CASCADE,
  CONSTRAINT `FK_black_list_tender` FOREIGN KEY (`tender_Id`) REFERENCES `TENDER` (`id`) ON DELETE CASCADE
) ENGINE=InnoDB DEFAULT CHARSET=utf8 COLLATE=utf8_bin;

CREATE TABLE IF NOT EXISTS `COMPANY` (
  `id` bigint(20) NOT NULL AUTO_INCREMENT,
  `name` varchar(100) CHARACTER SET utf8 NOT NULL,
  `phone` varchar(50) CHARACTER SET utf8 NOT NULL,
  `reg_number` varchar(100) CHARACTER SET utf8 NOT NULL,
  `status` varchar(50) CHARACTER SET utf8 NOT NULL,
  `address_id` bigint(20) DEFAULT NULL,
  `type` varchar(50) COLLATE utf8_bin NOT NULL,
  `language` varchar(50) COLLATE utf8_bin NOT NULL DEFAULT 'en_US',
  PRIMARY KEY (`id`),
  KEY `FK_company_address` (`address_id`),
  CONSTRAINT `FK_company_address` FOREIGN KEY (`address_id`) REFERENCES `ADDRESS` (`id`)
) ENGINE=InnoDB AUTO_INCREMENT=49 DEFAULT CHARSET=utf8 COLLATE=utf8_bin;

ALTER TABLE `COMPANY` DISABLE KEYS;
INSERT INTO `COMPANY` (`id`, `name`, `phone`, `reg_number`, `status`, `address_id`, `type`, `language`) VALUES
	(0, 'Admin', '+4800000001', '0000000000', 'VERIFIED', 1, 'TRADER', 'pl'),
	(23, 'Apple Trader', '+4800000002', '1234567890', 'VERIFIED', 3, 'TRADER', 'en_US'),
	(24, 'Apple Farmer', '+4800000003', '0987654321', 'VERIFIED', 4, 'TRADER', 'en_US'),
	(25, 'Potato Farmer', '+4800000004', '0192837465', 'VERIFIED', 5, 'TRADER', 'en_US'),
	(26, 'Potato Trader', '+4800000005', '1029384756', 'VERIFIED', 6, 'TRADER', 'en_US'),
	(27, 'Common Trader', '+4800000006', '1209348756', 'VERIFIED', 7, 'TRADER', 'en_US'),
	(28, 'Small Shop', '+4800000007', '0912873465', 'VERIFIED', 8, 'TRADER', 'en_US'),
	(29, 'Middle Shop', '+4800000008', '0981236547', 'VERIFIED', 9, 'TRADER', 'en_US'),
	(30, 'Big Shop', '+4800000009', '1230984567', 'VERIFIED', 10, 'TRADER', 'en_US'),
	(31, 'Huge Shop', '+4800000010', '1209837465', 'VERIFIED', 11, 'TRADER', 'en_US'),
	(32, 'transport', '+4800000099', '1209837465', 'VERIFIED', 11, 'TRANS', 'en_US'),
	(33, 'Micro Shop', '+4800000011', '0912873456', 'VERIFIED', 12, 'TRADER', 'en_US');
ALTER TABLE `COMPANY` ENABLE KEYS;

CREATE TABLE IF NOT EXISTS `DEAL` (
  `id` bigint(20) NOT NULL AUTO_INCREMENT,
  `lot_id` bigint(20) DEFAULT NULL,
  `tender_id` bigint(20) DEFAULT NULL,
  `time` timestamp NOT NULL DEFAULT CURRENT_TIMESTAMP ON UPDATE CURRENT_TIMESTAMP,
  `buyer_choice` tinyint(4) NOT NULL,
  `seller_choice` tinyint(4) NOT NULL,
  `price` decimal(10,2) NOT NULL,
  `max_transport_price` decimal(10,2) NOT NULL,
  `volume` int(11) NOT NULL,
  `product_id` bigint(20) NOT NULL,
  `seller_foto` longtext COLLATE utf8_bin,
  `seller_address_id` bigint(20) NOT NULL,
  `buyer_address_id` bigint(20) NOT NULL,
  `seller_description` varchar(500) COLLATE utf8_bin DEFAULT NULL,
  `buyer_description` varchar(500) COLLATE utf8_bin DEFAULT NULL,
  `buyer_processing` varchar(500) COLLATE utf8_bin DEFAULT NULL,
  `buyer_packaging` varchar(500) COLLATE utf8_bin DEFAULT NULL,
  `buyer_language` char(10) COLLATE utf8_bin DEFAULT NULL,
  `seller_language` char(10) COLLATE utf8_bin DEFAULT NULL,
  `buyer_email` varchar(500) COLLATE utf8_bin DEFAULT NULL,
  `seller_email` varchar(500) COLLATE utf8_bin DEFAULT NULL,
  `category_id` bigint(20) DEFAULT NULL,
  PRIMARY KEY (`id`),
  KEY `FK_deals_lot` (`lot_id`),
  KEY `FK_deals_tender` (`tender_id`),
  KEY `FK_deal_product` (`product_id`),
  KEY `FK_deal_address` (`seller_address_id`),
  KEY `FK_deal_address_2` (`buyer_address_id`),
  KEY `FK_deal_product_category` (`category_id`),
  CONSTRAINT `FK_deal_address` FOREIGN KEY (`seller_address_id`) REFERENCES `ADDRESS` (`id`),
  CONSTRAINT `FK_deal_address_2` FOREIGN KEY (`buyer_address_id`) REFERENCES `ADDRESS` (`id`),
  CONSTRAINT `FK_deal_lot` FOREIGN KEY (`lot_id`) REFERENCES `LOT` (`id`) ON DELETE SET NULL,
  CONSTRAINT `FK_deal_product` FOREIGN KEY (`product_id`) REFERENCES `PRODUCT` (`id`),
  CONSTRAINT `FK_deal_product_category` FOREIGN KEY (`category_id`) REFERENCES `PRODUCT_CATEGORY` (`id`),
  CONSTRAINT `FK_deal_tender` FOREIGN KEY (`tender_id`) REFERENCES `TENDER` (`id`) ON DELETE SET NULL
) ENGINE=InnoDB AUTO_INCREMENT=6990 DEFAULT CHARSET=utf8 COLLATE=utf8_bin;

CREATE TABLE IF NOT EXISTS `EMAIL` (
  `id` bigint(20) NOT NULL AUTO_INCREMENT,
  `recipient` varchar(100) NOT NULL,
  `subject` varchar(200) NOT NULL,
  `body` varchar(5000) NOT NULL,
  `file_name` varchar(50) DEFAULT NULL,
  `file` blob,
  PRIMARY KEY (`id`)
) ENGINE=InnoDB AUTO_INCREMENT=6414663 DEFAULT CHARSET=utf8;

CREATE TABLE IF NOT EXISTS `GENERATED_KEY` (
  `id` bigint(20) NOT NULL AUTO_INCREMENT,
  `generated_key` varchar(50) NOT NULL,
  `expiration_time` timestamp NOT NULL DEFAULT CURRENT_TIMESTAMP ON UPDATE CURRENT_TIMESTAMP,
  PRIMARY KEY (`id`)
) ENGINE=InnoDB AUTO_INCREMENT=12 DEFAULT CHARSET=utf8;

CREATE TABLE IF NOT EXISTS `LABEL` (
  `id` bigint(20) NOT NULL AUTO_INCREMENT,
  `category` varchar(100) NOT NULL,
  `name` varchar(30) NOT NULL,
  `en_us` varchar(500) DEFAULT NULL,
  `ru_ru` varchar(500) DEFAULT NULL,
  `pl` varchar(500) DEFAULT NULL,
  PRIMARY KEY (`id`)
) ENGINE=InnoDB AUTO_INCREMENT=1 DEFAULT CHARSET=utf8;

CREATE TABLE IF NOT EXISTS `LOT` (
  `id` bigint(20) NOT NULL AUTO_INCREMENT,
  `description` varchar(1000) CHARACTER SET utf8 DEFAULT NULL,
  `product_id` bigint(20) NOT NULL,
  `price` decimal(10,2) NOT NULL,
  `min_volume` int(11) NOT NULL,
  `max_volume` int(11) NOT NULL,
  `company_id` bigint(20) NOT NULL,
  `status` varchar(50) CHARACTER SET utf8 NOT NULL,
  `creation_date` date NOT NULL,
  `exparation_date` date NOT NULL,
  `foto` longtext COLLATE utf8_bin,
  `address_id` bigint(20) NOT NULL,
  `distance` int(11) DEFAULT NULL,
  `category_id` bigint(20) DEFAULT NULL,
  PRIMARY KEY (`id`),
  KEY `saler` (`company_id`),
  KEY `product` (`product_id`),
  KEY `FK_lot_address` (`address_id`),
  KEY `FK_lot_product_category` (`category_id`),
  CONSTRAINT `FK_lot_address` FOREIGN KEY (`address_id`) REFERENCES `ADDRESS` (`id`),
  CONSTRAINT `FK_lot_company` FOREIGN KEY (`company_id`) REFERENCES `COMPANY` (`id`),
  CONSTRAINT `FK_lot_product` FOREIGN KEY (`product_id`) REFERENCES `PRODUCT` (`id`),
  CONSTRAINT `FK_lot_product_category` FOREIGN KEY (`category_id`) REFERENCES `PRODUCT_CATEGORY` (`id`)
) ENGINE=InnoDB AUTO_INCREMENT=66 DEFAULT CHARSET=utf8 COLLATE=utf8_bin;

CREATE TABLE IF NOT EXISTS `PRODUCT` (
  `id` bigint(20) NOT NULL AUTO_INCREMENT,
  `name` varchar(100) CHARACTER SET utf8 NOT NULL,
  `description` varchar(2000) CHARACTER SET utf8 DEFAULT NULL,
  `delivary_price` decimal(10,2) NOT NULL,
  `removed` char(1) CHARACTER SET utf8 NOT NULL,
  `picture` varchar(50) COLLATE utf8_bin NOT NULL,
  PRIMARY KEY (`id`)
) ENGINE=InnoDB AUTO_INCREMENT=137 DEFAULT CHARSET=utf8 COLLATE=utf8_bin;

ALTER TABLE `PRODUCT` DISABLE KEYS;
INSERT INTO `PRODUCT` (`id`, `name`, `description`, `delivary_price`, `removed`, `picture`) VALUES
	(1, 'Apple', '', 0.20, 'N', '/Static/img/apple.png'),
	(2, 'Potato', '', 0.20, 'N', '/Static/img/potato.png'),
	(3, 'Pear', '', 0.20, 'N', '/Static/img/pear.png'),
	(4, 'Raspberries', '', 0.20, 'N', '/Static/img/raspberries.png'),
	(5, 'Strawberries', '', 0.20, 'N', '/Static/img/strawberries.png'),
	(6, 'Tomatoes', '', 0.20, 'N', '/Static/img/tomatoes.png'),
	(7, 'Carrots', '', 0.20, 'N', '/Static/img/carrots.png'),
	(8, 'Cabbage', '', 0.20, 'N', '/Static/img/cabbage.png'),
	(9, 'Peppers', '', 0.20, 'N', '/Static/img/peppers.png'),
	(10, 'Cucumber', '', 0.20, 'N', '/Static/img/cucumber.png'),
	(11, 'Onion', '', 0.20, 'N', '/Static/img/onion.png'),
	(12, 'Zucchini', '', 0.20, 'N', '/Static/img/zucchini.png'),
	(13, 'Pumpkin', '', 0.20, 'N', '/Static/img/pumpkin.png'),
	(14, 'Cauliflower', '', 0.20, 'N', '/Static/img/cauliflower.png'),
	(15, 'Parsley', '', 0.20, 'N', '/Static/img/parsley.png'),
	(16, 'Lettuce', '', 0.20, 'N', '/Static/img/lettuce.png'),
	(17, 'Cherry', '', 0.20, 'N', '/Static/img/cherry.png'),
	(18, 'Plum', '', 0.20, 'N', '/Static/img/plum.png'),
	(19, 'Blueberry', '', 0.20, 'N', '/Static/img/blueberry.png'),
	(20, 'Currant', '', 0.20, 'N', '/Static/img/currant.png');
ALTER TABLE `PRODUCT` ENABLE KEYS;

CREATE TABLE IF NOT EXISTS `PRODUCT_CATEGORY` (
  `id` bigint(20) NOT NULL AUTO_INCREMENT,
  `product_id` bigint(20) NOT NULL,
  `category_name` varchar(500) NOT NULL,
  `removed` char(1) NOT NULL,
  PRIMARY KEY (`id`),
  KEY `FK_product_category_product` (`product_id`),
  CONSTRAINT `FK_product_category_product` FOREIGN KEY (`product_id`) REFERENCES `PRODUCT` (`id`)
) ENGINE=InnoDB AUTO_INCREMENT=466 DEFAULT CHARSET=utf8;

ALTER TABLE `PRODUCT_CATEGORY` DISABLE KEYS;
INSERT INTO `PRODUCT_CATEGORY` (`id`, `product_id`, `category_name`, `removed`) VALUES
	(1, 1, 'Gala', 'N'),
	(2, 1, 'Royal_Gala', 'N'),
	(3, 1, 'Gala_Schniga', 'N'),
	(4, 1, 'Golden_Delicious_Reinders', 'N'),
	(5, 1, 'Red_Jonaprince', 'N'),
	(6, 1, 'Red_Jonaprince_Select', 'N'),
	(7, 1, 'Jonagored', 'N'),
	(8, 1, 'Red_Delicious', 'N'),
	(9, 1, 'Camspur', 'N'),
	(10, 1, 'Redchief', 'N'),
	(11, 1, 'RedCap', 'N'),
	(12, 1, 'Szampion', 'N'),
	(13, 1, 'Idared', 'N'),
	(14, 1, 'Elise', 'N'),
	(15, 1, 'Pinova', 'N'),
	(16, 1, 'Evelina', 'N'),
	(17, 1, 'Empire', 'N'),
	(18, 1, 'Glostera', 'N'),
	(19, 1, 'Jonagolda', 'N'),
	(20, 1, 'Ligol', 'N'),
	(21, 1, 'Lobo', 'N'),
	(22, 3, 'Faworytka', 'N'),
	(23, 3, 'Isolda', 'N'),
	(24, 3, 'Radana', 'N'),
	(25, 3, 'Red_Faworytka', 'N'),
	(26, 3, 'Bera_Hardy', 'N'),
	(27, 3, 'Bojniczanka', 'N'),
	(28, 3, 'Bonkreta_Williamsa', 'N'),
	(29, 3, 'Carola', 'N'),
	(30, 3, 'Concorde', 'N'),
	(31, 3, 'Konferencja', 'N'),
	(32, 3, 'Lukasówka', 'N'),
	(33, 3, 'General_Leclerc', 'N'),
	(34, 3, 'Komisówka', 'N'),
	(35, 3, 'Paryżanka', 'N'),
	(36, 3, 'Triumf_Packhama', 'N'),
	(37, 2, 'Agata', 'N'),
	(38, 2, 'Arielle', 'N'),
	(39, 2, 'Denar', 'N'),
	(40, 2, 'Fresco', 'N'),
	(41, 2, 'Impala', 'N'),
	(42, 2, 'Irys', 'N'),
	(43, 2, 'Lord', 'N'),
	(44, 2, 'Miłek', 'N'),
	(45, 2, 'Orlik', 'N'),
	(46, 2, 'Velox', 'N'),
	(47, 2, 'Gracja', 'N'),
	(48, 2, 'Owacja', 'N'),
	(49, 2, 'Irga', 'N'),
	(50, 2, 'Vineta', 'N'),
	(51, 2, 'Asterix', 'N'),
	(52, 2, 'Balbina', 'N'),
	(53, 2, 'Bartek', 'N'),
	(54, 2, 'Redstar', 'N'),
	(55, 2, 'Roxana', 'N'),
	(56, 2, 'Satina', 'N'),
	(57, 2, 'Tajfun', 'N'),
	(58, 2, 'Żagiel', 'N'),
	(59, 2, 'Syrena', 'N'),
	(60, 2, 'Soplica', 'N'),
	(61, 2, 'Zagłoba', 'N'),
	(62, 4, 'Benefis', 'N'),
	(63, 4, 'Beskid', 'N'),
	(64, 4, 'Canby', 'N'),
	(65, 4, 'Laszka', 'N'),
	(66, 4, 'Malling_Jewel', 'N'),
	(67, 4, 'Nawojka', 'N'),
	(68, 4, 'Norna', 'N'),
	(69, 4, 'Veten', 'N'),
	(70, 4, 'Pokusa', 'N'),
	(71, 4, 'Polana', 'N'),
	(72, 4, 'Polka', 'N'),
	(73, 4, 'Poranna_rosa', 'N'),
	(74, 5, 'Dukat', 'N'),
	(75, 5, 'Elkat', 'N'),
	(76, 5, 'Honeoye', 'N'),
	(77, 5, 'Kama', 'N'),
	(78, 5, 'Korona', 'N'),
	(79, 5, 'Kent', 'N'),
	(80, 5, 'Onebor', 'N'),
	(81, 5, 'Polka', 'N'),
	(82, 5, 'Selva', 'N'),
	(83, 5, 'Vima_Zanta', 'N'),
	(84, 5, 'Vicoda', 'N'),
	(85, 5, 'Tresca', 'N'),
	(86, 5, 'Temptation', 'N'),
	(87, 5, 'Rainbow_Treasure_F1', 'N'),
	(88, 6, 'Cherry', 'N'),
	(89, 6, 'Śliwkowe', 'N'),
	(90, 6, 'Paprykowe', 'N'),
	(91, 6, 'Daktylowe', 'N'),
	(92, 6, 'Malinowe', 'N'),
	(93, 6, 'Bawole_Serce', 'N'),
	(94, 6, 'San_Marzano', 'N'),
	(95, 6, 'Gargamele', 'N'),
	(96, 6, 'Kapturek', 'N'),
	(97, 6, 'Betalux', 'N'),
	(98, 6, 'Beta', 'N'),
	(99, 6, 'Cytrynek_Groniasty', 'N'),
	(100, 6, 'Ikarus', 'N'),
	(101, 6, 'Faworyt', 'N'),
	(102, 6, 'Saint_pierre', 'N'),
	(103, 6, 'Marmande', 'N'),
	(104, 6, 'Malinowy_Warszawski', 'N'),
	(105, 6, 'Malinowy_Kujawski', 'N'),
	(106, 6, 'Malinowy_Ożarowski', 'N'),
	(107, 6, 'Apis', 'N'),
	(108, 6, 'Lubań', 'N'),
	(109, 6, 'Zyska', 'N'),
	(110, 6, 'Zlatava', 'N'),
	(111, 6, 'Moneymaker', 'N'),
	(112, 6, 'Pokusa', 'N'),
	(113, 6, 'Tigerella', 'N'),
	(114, 6, 'Brutus', 'N'),
	(115, 6, 'Jantar', 'N'),
	(116, 6, 'Hubal', 'N'),
	(117, 6, 'Ondraszek', 'N'),
	(118, 6, 'Szach', 'N'),
	(119, 6, 'Sabała', 'N'),
	(120, 6, 'Poranek', 'N'),
	(121, 6, 'Zorza_Toruńska', 'N'),
	(122, 6, 'Yellowstone', 'N'),
	(123, 6, 'Yellow_Pearshaped', 'N'),
	(124, 6, 'Black_cherry', 'N'),
	(125, 6, 'Krakus', 'N'),
	(126, 6, 'Kmicic', 'N'),
	(127, 6, 'Venus', 'N'),
	(128, 6, 'Idyll_Aztek', 'N'),
	(129, 6, 'Ildi', 'N'),
	(130, 6, 'Płomień', 'N'),
	(131, 6, 'Perun', 'N'),
	(132, 6, 'Pikador', 'N'),
	(133, 6, 'Radana', 'N'),
	(134, 6, 'White_Beauty', 'N'),
	(135, 6, 'Mirabell', 'N'),
	(136, 6, 'Romus', 'N'),
	(137, 7, 'Amsterdam', 'N'),
	(138, 7, 'Askona_F1', 'N'),
	(139, 7, 'Berlicumer_2', 'N'),
	(140, 7, 'Deep_purple', 'N'),
	(141, 7, 'Dolanka', 'N'),
	(142, 7, 'Flakkese_2', 'N'),
	(143, 7, 'Galicja_F1', 'N'),
	(144, 7, 'Kalina_F1', 'N'),
	(145, 7, 'Kamila_F1', 'N'),
	(146, 7, 'Karlena', 'N'),
	(147, 7, 'Kinga_F1', 'N'),
	(148, 7, 'Kometa_F1', 'N'),
	(149, 7, 'Koral', 'N'),
	(150, 7, 'Korweta_F1', 'N'),
	(151, 7, 'Krakowia_F1', 'N'),
	(152, 7, 'Lenka', 'N'),
	(153, 7, 'Lunar_White', 'N'),
	(154, 7, 'Nantejska', 'N'),
	(155, 7, 'Pariser_Markt_4', 'N'),
	(156, 7, 'Polka_F1', 'N'),
	(157, 7, 'Rumba_F1', 'N'),
	(158, 7, 'Salsa_F1', 'N'),
	(159, 7, 'Baby_Carrots', 'N'),
	(160, 8, 'Amager_Polana', 'N'),
	(161, 8, 'Benia_F1', 'N'),
	(162, 8, 'Brunświcka', 'N'),
	(163, 8, 'Champ_F1', 'N'),
	(164, 8, 'Ditmarska', 'N'),
	(165, 8, 'Fantazja_F1', 'N'),
	(166, 8, 'Froggy_F1', 'N'),
	(167, 8, 'Headstart_F1', 'N'),
	(168, 8, 'Gaja_F1', 'N'),
	(169, 8, 'Haco', 'N'),
	(170, 8, 'Irina_F1', 'N'),
	(171, 8, 'Jowita_F1', 'N'),
	(172, 8, 'Kalina_F1', 'N'),
	(173, 8, 'Kamienna_głowa', 'N'),
	(174, 8, 'Karlla_F1', 'N'),
	(175, 8, 'Korund_F1', 'N'),
	(176, 8, 'Kasta_F1', 'N'),
	(177, 8, 'Langedijker_Belwar', 'N'),
	(178, 8, 'Langedijker_Polana', 'N'),
	(179, 8, 'Lotus_F1', 'N'),
	(180, 8, 'Mira_Polana_F1', 'N'),
	(181, 8, 'Odyssey_F1', 'N'),
	(182, 8, 'Perline_F1', 'N'),
	(183, 8, 'Performa', 'N'),
	(184, 8, 'Pierwszy_zbiór', 'N'),
	(185, 8, 'Rapidasa_F1', 'N'),
	(186, 8, 'Replika_F1', 'N'),
	(187, 8, 'Reserva_F1', 'N'),
	(188, 8, 'Roma_Polana', 'N'),
	(189, 8, 'Sława_Gołębiewa', 'N'),
	(190, 8, 'Starski', 'N'),
	(191, 8, 'Star_Ball_F1', 'N'),
	(192, 8, 'Szarada', 'N'),
	(193, 8, 'Późna_F1', 'N'),
	(194, 9, 'Kujawianka', 'N'),
	(195, 9, 'Trapez', 'N'),
	(196, 9, 'Delphin', 'N'),
	(197, 9, 'Hajduczek', 'N'),
	(198, 9, 'Kier', 'N'),
	(199, 9, 'Jantar', 'N'),
	(200, 9, 'Ożarowska', 'N'),
	(201, 9, 'Jupiter', 'N'),
	(202, 9, 'Etiuda', 'N'),
	(203, 9, 'Waga', 'N'),
	(204, 9, 'Poblano', 'N'),
	(205, 9, 'Tabasco', 'N'),
	(206, 9, 'Scotch_Bonnet', 'N'),
	(207, 9, 'Cascabel', 'N'),
	(208, 9, 'Jalapeno', 'N'),
	(209, 9, 'Chilaca', 'N'),
	(210, 9, 'California_Wonder', 'N'),
	(211, 9, 'Yolo_Wonder', 'N'),
	(212, 9, 'Ornela', 'N'),
	(213, 9, 'Zlata', 'N'),
	(214, 9, 'Dumas', 'N'),
	(215, 9, 'Rubinova', 'N'),
	(216, 9, 'Marta_Polka', 'N'),
	(217, 9, 'Oda', 'N'),
	(218, 9, 'Iga', 'N'),
	(219, 9, 'Paradise_F1', 'N'),
	(220, 9, 'Oliwia', 'N'),
	(221, 9, 'Mira', 'N'),
	(222, 9, 'Lena', 'N'),
	(223, 9, 'Afrodita', 'N'),
	(224, 9, 'Alexander', 'N'),
	(225, 9, 'Balladyna', 'N'),
	(226, 9, 'Monata', 'N'),
	(227, 9, 'Kasia', 'N'),
	(228, 9, 'Nokturn', 'N'),
	(229, 10, 'Hermes_F1', 'N'),
	(230, 10, 'Cezar_F1', 'N'),
	(231, 10, 'Parys_F1', 'N'),
	(232, 10, 'Izyd_F1', 'N'),
	(233, 10, 'Polan_F1', 'N'),
	(234, 10, 'Hela', 'N'),
	(235, 10, 'Odys', 'N'),
	(236, 10, 'Octopus', 'N'),
	(237, 10, 'Galant', 'N'),
	(238, 10, 'Śremski', 'N'),
	(239, 10, 'White_wonder', 'N'),
	(240, 10, 'Partner', 'N'),
	(241, 10, 'Krak', 'N'),
	(242, 10, 'Anulka', 'N'),
	(243, 10, 'Delicius', 'N'),
	(244, 10, 'Ver_petit_de_Paris', 'N'),
	(245, 10, 'Aladyn', 'N'),
	(246, 10, 'Gregana', 'N'),
	(247, 10, 'Citron', 'N'),
	(248, 10, 'Parys', 'N'),
	(249, 10, 'Chinese_Slangen', 'N'),
	(250, 10, 'Dar', 'N'),
	(251, 10, 'Wisconsin_SMR_58', 'N'),
	(252, 10, 'Tessa', 'N'),
	(253, 10, 'Melonowy', 'N'),
	(254, 10, 'Dalila', 'N'),
	(255, 10, 'Atlas_Pola_F1', 'N'),
	(256, 10, 'Bolko', 'N'),
	(257, 10, 'Junak', 'N'),
	(258, 10, 'Altaj', 'N'),
	(259, 10, 'Edyp', 'N'),
	(260, 10, 'Ibis', 'N'),
	(261, 11, 'Borettana', 'N'),
	(262, 11, 'Topolska', 'N'),
	(263, 11, 'Inga', 'N'),
	(264, 11, 'Polanowska', 'N'),
	(265, 11, 'Cymes', 'N'),
	(266, 11, 'Kristine', 'N'),
	(267, 11, 'Wenta', 'N'),
	(268, 11, 'Stuttgarter_Rieser', 'N'),
	(269, 11, 'Yellow_Sweet_Spanish', 'N'),
	(270, 11, 'Karmen', 'N'),
	(271, 11, 'Supra', 'N'),
	(272, 11, 'Ławica', 'N'),
	(273, 11, 'Octavia', 'N'),
	(274, 11, 'Torunianka', 'N'),
	(275, 11, 'Sława_Ożarowa', 'N'),
	(276, 11, 'Wiktoria_Skierniewic', 'N'),
	(277, 11, 'Winter_Nest', 'N'),
	(278, 11, 'Petra_F1', 'N'),
	(279, 11, 'Alibaba', 'N'),
	(280, 11, 'Red_Baron', 'N'),
	(281, 11, 'Sochaczewska', 'N'),
	(282, 11, 'Ailsa_Craig', 'N'),
	(283, 11, 'Wolska', 'N'),
	(284, 11, 'Szalotka', 'N'),
	(285, 11, 'Bajkał', 'N'),
	(286, 11, 'Vita', 'N'),
	(287, 11, 'Avalon', 'N'),
	(288, 11, 'Tosca', 'N'),
	(289, 11, 'Polana', 'N'),
	(290, 11, 'Agostana', 'N'),
	(291, 11, 'Finezja', 'N'),
	(292, 11, 'Aviv', 'N'),
	(293, 11, 'Ambition_F1', 'N'),
	(294, 11, 'Bio_Density_5', 'N'),
	(295, 11, 'Tonda_Musona', 'N'),
	(296, 11, 'Exhibition', 'N'),
	(297, 11, 'Carel', 'N'),
	(298, 11, 'Elody', 'N'),
	(299, 11, 'Wolf', 'N'),
	(300, 12, 'Astra_Polka', 'N'),
	(301, 12, 'Zuboda', 'N'),
	(302, 12, 'Złoty_Cepelin', 'N'),
	(303, 12, 'Lajkonik', 'N'),
	(304, 12, 'Soraya', 'N'),
	(305, 12, 'Nimba', 'N'),
	(306, 12, 'Black_Beauty', 'N'),
	(307, 12, 'Tapir', 'N'),
	(308, 12, 'Goldena', 'N'),
	(309, 12, 'Atena_Polka', 'N'),
	(310, 12, 'Coucourzelle', 'N'),
	(311, 12, 'Tristan_F1', 'N'),
	(312, 12, 'Nefryt_F1', 'N'),
	(313, 12, 'One_Ball_F1', 'N'),
	(314, 12, 'Cora_F1', 'N'),
	(315, 12, 'Orelia_F1', 'N'),
	(316, 13, 'Piżmowa_Butternut', 'N'),
	(317, 13, 'Pyza', 'N'),
	(318, 13, 'Potimarron', 'N'),
	(319, 13, 'Ambar', 'N'),
	(320, 13, 'Melonowa_Żółta', 'N'),
	(321, 13, 'Bambino', 'N'),
	(322, 13, 'Uchiki_Kuri', 'N'),
	(323, 13, 'Danka_Polka', 'N'),
	(324, 13, 'Karowita_Bis', 'N'),
	(325, 13, 'Junona', 'N'),
	(326, 13, 'Golias', 'N'),
	(327, 13, 'Waltham_Butternut', 'N'),
	(328, 13, 'Otylia', 'N'),
	(329, 13, 'Jack_O’Lantern', 'N'),
	(330, 13, 'Justynka', 'N'),
	(331, 13, 'Atlantic_Giant', 'N'),
	(332, 13, 'Miranda', 'N'),
	(333, 13, 'Amazonka', 'N'),
	(334, 14, 'Bora', 'N'),
	(335, 14, 'Early_Snowball_X', 'N'),
	(336, 14, 'Igloo', 'N'),
	(337, 14, 'Rober', 'N'),
	(338, 14, 'Delta', 'N'),
	(339, 14, 'Igloory', 'N'),
	(340, 14, 'Pionier', 'N'),
	(341, 14, 'Beta', 'N'),
	(342, 15, 'Halblange', 'N'),
	(343, 15, 'Hamburska_HS', 'N'),
	(344, 15, 'Kinga', 'N'),
	(345, 15, 'Ołomucińska', 'N'),
	(346, 15, 'Cukrowa', 'N'),
	(347, 15, 'Lenka', 'N'),
	(348, 15, 'Vistula', 'N'),
	(349, 15, 'Sonata', 'N'),
	(350, 15, 'Osborne', 'N'),
	(351, 15, 'Eagle', 'N'),
	(352, 15, 'Kaśka', 'N'),
	(353, 15, 'Hanacka', 'N'),
	(354, 15, 'Alba', 'N'),
	(355, 15, 'Berlińska', 'N'),
	(356, 16, 'Masłowa', 'N'),
	(357, 16, 'Mizuna', 'N'),
	(358, 16, 'Szafir', 'N'),
	(359, 16, 'Michalina', 'N'),
	(360, 16, 'Sahim', 'N'),
	(361, 16, 'Maryna', 'N'),
	(362, 16, 'Panter', 'N'),
	(363, 16, 'Goplana', 'N'),
	(364, 16, 'Królowa_lata', 'N'),
	(365, 16, 'Cud_Voorburgu', 'N'),
	(366, 16, 'Rosela', 'N'),
	(367, 16, 'Carmina', 'N'),
	(368, 16, 'Maugli', 'N'),
	(369, 16, 'Syrena', 'N'),
	(370, 16, 'Samba', 'N'),
	(371, 16, 'Great_lakes_118', 'N'),
	(372, 16, 'Vanguard_75', 'N'),
	(373, 16, 'Dubacek', 'N'),
	(374, 16, 'Baby_leaf', 'N'),
	(375, 16, 'Justyna', 'N'),
	(376, 16, 'Paris_Island_Cos', 'N'),
	(377, 16, 'Crimson', 'N'),
	(378, 16, 'Appia', 'N'),
	(379, 16, 'Bona', 'N'),
	(380, 16, 'Saba', 'N'),
	(381, 16, 'Ewelina', 'N'),
	(382, 16, 'Olimp', 'N'),
	(383, 16, 'Larsen', 'N'),
	(384, 16, 'Beata', 'N'),
	(385, 16, 'Cassini', 'N'),
	(386, 16, 'Splendor', 'N'),
	(387, 16, 'Atena', 'N'),
	(388, 16, 'Endywia', 'N'),
	(389, 17, 'Debreczyn', 'N'),
	(390, 17, 'Diament', 'N'),
	(391, 17, 'Dradem', 'N'),
	(392, 17, 'Erdi_Botermo', 'N'),
	(393, 17, 'Groniasta_Ujfehertoj', 'N'),
	(394, 17, 'Kelleris_16', 'N'),
	(395, 17, 'Lucyna', 'N'),
	(396, 17, 'Łutówka', 'N'),
	(397, 17, ' Nadwiślanki', 'N'),
	(398, 17, 'Nefris', 'N'),
	(399, 17, 'Northstar', 'N'),
	(400, 17, 'Pandy_103', 'N'),
	(401, 17, 'Sabina', 'N'),
	(402, 17, 'Koral', 'N'),
	(403, 17, 'Książęca', 'N'),
	(404, 17, 'Montmorency', 'N'),
	(405, 17, 'Naumburger', 'N'),
	(406, 17, 'Sokówka_Nowotomyska', 'N'),
	(407, 17, 'Szklanka_Warki', 'N'),
	(408, 17, 'Tschernokorka', 'N'),
	(409, 17, 'Wanda', 'N'),
	(410, 17, 'Wiblek', 'N'),
	(411, 17, 'Wigor', 'N'),
	(412, 17, 'Wilena', 'N'),
	(413, 17, 'Wilga', 'N'),
	(414, 17, 'Winer', 'N'),
	(415, 17, 'Wisok', 'N'),
	(416, 17, 'Wołyńska', 'N'),
	(417, 17, 'Wróble', 'N'),
	(418, 18, 'Amers', 'N'),
	(419, 18, 'Bluefree', 'N'),
	(420, 18, 'Brzoskwiniowa_Jerozolimka', 'N'),
	(421, 18, 'Śliwa_cacanska', 'N'),
	(422, 18, 'Empress', 'N'),
	(423, 18, 'Herman', 'N'),
	(424, 18, 'Japońska_Kometa', 'N'),
	(425, 18, 'Katinka', 'N'),
	(426, 18, 'Królowa_Wiktoria', 'N'),
	(427, 18, 'Renkloda_Althana', 'N'),
	(428, 18, 'Renkloda_Ulena', 'N'),
	(429, 18, 'Renkloda_Zielona', 'N'),
	(430, 18, 'Stanley', 'N'),
	(431, 18, 'Węgierka_Dąbrowicka', 'N'),
	(432, 18, 'Węgierka_Wczesna', 'N'),
	(433, 18, 'Węgierka_Wangenheima', 'N'),
	(434, 18, 'Węgierka_Zwykła', 'N'),
	(435, 18, 'Wiśniowa', 'N'),
	(436, 18, 'Japońska_Dapple_Dandy', 'N'),
	(437, 18, 'Świdośliwa_Lamarcka', 'N'),
	(438, 19, 'Chanticleer', 'N'),
	(439, 19, 'Earliblue', 'N'),
	(440, 19, 'Duke', 'N'),
	(441, 19, 'Spartan', 'N'),
	(442, 19, 'Patriot', 'N'),
	(443, 19, 'Bluejay', 'N'),
	(444, 19, 'Toro', 'N'),
	(445, 19, 'Bluecrop', 'N'),
	(446, 19, 'Bonus', 'N'),
	(447, 19, 'Sierra', 'N'),
	(448, 19, 'Bluegold', 'N'),
	(449, 19, 'Chandler', 'N'),
	(450, 19, 'Brigitta_Blue', 'N'),
	(451, 19, 'Nelson', 'N'),
	(452, 19, 'Darrow', 'N'),
	(453, 19, 'Eliot', 'N'),
	(454, 19, 'Kazimierz_Pliszka', 'N'),
	(455, 20, 'Ojebyn', 'N'),
	(456, 20, 'Titania', 'N'),
	(457, 20, 'Brӧdtorp', 'N'),
	(458, 20, 'Ben_Alder', 'N'),
	(459, 20, 'Roodknop', 'N'),
	(460, 20, 'Jonkheer_van_Tets', 'N'),
	(461, 20, 'Heros', 'N'),
	(462, 20, 'Holenderska_Czerwona', 'N'),
	(463, 20, 'Tatran', 'N'),
	(464, 20, 'Biała_Jüterbog', 'N'),
	(465, 20, 'Blanca', 'N');
ALTER TABLE `PRODUCT_CATEGORY` ENABLE KEYS;

CREATE TABLE IF NOT EXISTS `SQL_UPDATE` (
  `LAST_UPDATE` int(11) DEFAULT NULL
) ENGINE=InnoDB DEFAULT CHARSET=utf8;

INSERT INTO `SQL_UPDATE` ( `LAST_UPDATE`) VALUES (0);

CREATE TABLE IF NOT EXISTS `TENDER` (
  `id` bigint(20) NOT NULL AUTO_INCREMENT,
  `description` varchar(1000) CHARACTER SET utf8 DEFAULT NULL,
  `product_id` bigint(20) NOT NULL,
  `price` decimal(10,2) NOT NULL,
  `min_volume` int(11) NOT NULL,
  `max_volume` int(11) NOT NULL,
  `company_id` bigint(20) NOT NULL,
  `status` varchar(50) CHARACTER SET utf8 NOT NULL,
  `creation_date` date NOT NULL,
  `exparation_date` date NOT NULL,
  `address_id` bigint(20) NOT NULL,
  `packaging` varchar(500) COLLATE utf8_bin DEFAULT NULL,
  `processing` varchar(500) COLLATE utf8_bin DEFAULT NULL,
  `distance` int(11) DEFAULT NULL,
  `category_id` bigint(20) DEFAULT NULL,
  PRIMARY KEY (`id`),
  KEY `FK_application_product` (`product_id`),
  KEY `FK_application_company` (`company_id`),
  KEY `FK_tender_address` (`address_id`),
  KEY `FK_tender_product_category` (`category_id`),
  CONSTRAINT `FK_tender_address` FOREIGN KEY (`address_id`) REFERENCES `ADDRESS` (`id`),
  CONSTRAINT `FK_tender_company` FOREIGN KEY (`company_id`) REFERENCES `COMPANY` (`id`),
  CONSTRAINT `FK_tender_product` FOREIGN KEY (`product_id`) REFERENCES `PRODUCT` (`id`),
  CONSTRAINT `FK_tender_product_category` FOREIGN KEY (`category_id`) REFERENCES `PRODUCT_CATEGORY` (`id`)
) ENGINE=InnoDB AUTO_INCREMENT=38 DEFAULT CHARSET=utf8 COLLATE=utf8_bin;

CREATE TABLE IF NOT EXISTS `USER` (
  `id` bigint(20) NOT NULL AUTO_INCREMENT,
  `username` varchar(50) CHARACTER SET utf8 NOT NULL,
  `password` varchar(60) CHARACTER SET utf8 NOT NULL,
  `company_id` bigint(20) NOT NULL,
  `key_id` bigint(20) DEFAULT NULL,
  `login_count` int(11) NOT NULL DEFAULT '0',
  `last_login` timestamp NOT NULL DEFAULT CURRENT_TIMESTAMP,
  PRIMARY KEY (`id`),
  KEY `FK_user_company` (`company_id`),
  KEY `FK_user_keys` (`key_id`),
  CONSTRAINT `FK_user_company` FOREIGN KEY (`company_id`) REFERENCES `COMPANY` (`id`),
  CONSTRAINT `FK_user_generated_key` FOREIGN KEY (`key_id`) REFERENCES `GENERATED_KEY` (`id`) ON DELETE SET NULL
) ENGINE=InnoDB AUTO_INCREMENT=32 DEFAULT CHARSET=utf8 COLLATE=utf8_bin;

ALTER TABLE `USER` DISABLE KEYS;
INSERT INTO `USER` (`id`, `username`, `password`, `company_id`, `key_id`, `login_count`, `last_login`) VALUES
	(19, 'admin@stock.by', '$2a$10$uzpFt2/Uxp3XWXh/.lTK3uptEwIEw.j4W1aP3MGSuQ3G7HkL2BBRK', 0, NULL, 98, '2018-11-12 10:01:48'),
	(20, 'shop1@gmail.com', '$2a$10$uzpFt2/Uxp3XWXh/.lTK3uptEwIEw.j4W1aP3MGSuQ3G7HkL2BBRK', 32, NULL, 1, '2018-06-21 17:04:10'),
	(21, 'shop2@gmail.com', '$2a$10$uzpFt2/Uxp3XWXh/.lTK3uptEwIEw.j4W1aP3MGSuQ3G7HkL2BBRK', 28, NULL, 0, '2018-05-17 20:34:36'),
	(22, 'shop3@gmail.com', '$2a$10$uzpFt2/Uxp3XWXh/.lTK3uptEwIEw.j4W1aP3MGSuQ3G7HkL2BBRK', 29, NULL, 0, '2018-05-17 20:34:36'),
	(23, 'shop4@gmail.com', '$2a$10$uzpFt2/Uxp3XWXh/.lTK3uptEwIEw.j4W1aP3MGSuQ3G7HkL2BBRK', 30, NULL, 0, '2018-05-17 20:34:36'),
	(24, 'shop5@gmail.com', '$2a$10$uzpFt2/Uxp3XWXh/.lTK3uptEwIEw.j4W1aP3MGSuQ3G7HkL2BBRK', 31, NULL, 0, '2018-05-17 20:34:36'),
	(25, 'applefarmer1@gmail.com', '$2a$10$uzpFt2/Uxp3XWXh/.lTK3uptEwIEw.j4W1aP3MGSuQ3G7HkL2BBRK', 23, NULL, 4, '2018-11-12 21:02:04'),
	(26, 'applefarmer2@gmail.com', '$2a$10$uzpFt2/Uxp3XWXh/.lTK3uptEwIEw.j4W1aP3MGSuQ3G7HkL2BBRK', 24, NULL, 1, '2018-06-21 16:54:42'),
	(27, 'commonfarmer@gmail.com', '$2a$10$uzpFt2/Uxp3XWXh/.lTK3uptEwIEw.j4W1aP3MGSuQ3G7HkL2BBRK', 27, NULL, 1, '2018-06-21 16:55:17'),
	(28, 'potatofarmer1@gmail.com', '$2a$10$uzpFt2/Uxp3XWXh/.lTK3uptEwIEw.j4W1aP3MGSuQ3G7HkL2BBRK', 25, NULL, 1, '2018-06-21 16:55:59'),
	(29, 'potatofarmer2@gmail.com', '$2a$10$uzpFt2/Uxp3XWXh/.lTK3uptEwIEw.j4W1aP3MGSuQ3G7HkL2BBRK', 26, NULL, 1, '2018-06-21 16:56:26');
ALTER TABLE `USER` ENABLE KEYS;

CREATE TABLE IF NOT EXISTS `USER_COMMENT` (
  `id` bigint(20) NOT NULL AUTO_INCREMENT,
  `company_id` bigint(20) NOT NULL,
  `reporter_id` bigint(20) NOT NULL,
  `mark` tinyint(4) NOT NULL,
  `comment` varchar(1000) NOT NULL,
  `comment_date` timestamp NOT NULL DEFAULT CURRENT_TIMESTAMP,
  `deal_id` bigint(20) NOT NULL,
  PRIMARY KEY (`id`),
  KEY `FK_USER_COMMENT_company` (`company_id`),
  KEY `FK_USER_COMMENT_company_2` (`reporter_id`),
  KEY `FK_user_comment_deal` (`deal_id`),
  CONSTRAINT `FK_USER_COMMENT_company` FOREIGN KEY (`company_id`) REFERENCES `COMPANY` (`id`),
  CONSTRAINT `FK_USER_COMMENT_company_2` FOREIGN KEY (`reporter_id`) REFERENCES `COMPANY` (`id`),
  CONSTRAINT `FK_user_comment_deal` FOREIGN KEY (`deal_id`) REFERENCES `DEAL` (`id`) ON DELETE CASCADE ON UPDATE CASCADE
) ENGINE=InnoDB DEFAULT CHARSET=utf8;

CREATE TABLE IF NOT EXISTS `USER_ROLE` (
  `user_id` bigint(20) NOT NULL,
  `role` varchar(50) CHARACTER SET utf8 NOT NULL,
  KEY `FK_user_role_user` (`user_id`),
  CONSTRAINT `FK_user_role_user` FOREIGN KEY (`user_id`) REFERENCES `USER` (`id`)
) ENGINE=InnoDB DEFAULT CHARSET=utf8 COLLATE=utf8_bin;

ALTER TABLE `USER_ROLE` DISABLE KEYS;
INSERT INTO `USER_ROLE` (`user_id`, `role`) VALUES
	(19, 'ROLE_ADMIN'),
	(19, 'ROLE_USER'),
	(21, 'ROLE_USER'),
	(22, 'ROLE_USER'),
	(22, 'ROLE_USER'),
	(24, 'ROLE_USER'),
	(25, 'ROLE_USER'),
	(26, 'ROLE_USER'),
	(28, 'ROLE_USER'),
	(20, 'ROLE_USER'),
	(29, 'ROLE_USER'),
	(27, 'ROLE_USER'),
	(30, 'ROLE_USER'),
	(31, 'ROLE_USER');
ALTER TABLE `USER_ROLE` ENABLE KEYS;

SET FOREIGN_KEY_CHECKS=IF(@OLD_FOREIGN_KEY_CHECKS IS NULL, 1, @OLD_FOREIGN_KEY_CHECKS);